FID,STATION_NAME,LOCAL_TRIP_START_TIME,IMOS_SITE_CODE,NRS_TRIP_CODE,NRS_SAMPLE_CODE,UTC_TRIP_START_TIME,LATITUDE,LONGITUDE,MG_PER_M3,geom
anmn_nrs_bgc_plankton_biomass_data.fid--65a59387_1714ce25319_-720,North Stradbroke,29/09/2008 10:30,NRSNSI,NRSNSI20080929,NRSNSI20080929_ZOOBIOWC,2008-09-29T00:30:00Z,-27.345,153.562,13.0201,POINT (153.562 -27.345)
anmn_nrs_bgc_plankton_biomass_data.fid--65a59387_1714ce25319_-71f,North Stradbroke,30/10/2008 10:30,NRSNSI,NRSNSI20081030,NRSNSI20081030_ZOOBIOWC,2008-10-30T00:30:00Z,-27.345,153.562,12.3643,POINT (153.562 -27.345)
anmn_nrs_bgc_plankton_biomass_data.fid--65a59387_1714ce25319_-71e,North Stradbroke,19/11/2008 10:30,NRSNSI,NRSNSI20081119,NRSNSI20081119_ZOOBIOWC,2008-11-19T00:30:00Z,-27.345,153.562,7.2784,POINT (153.562 -27.345)
anmn_nrs_bgc_plankton_biomass_data.fid--65a59387_1714ce25319_-71d,North Stradbroke,17/12/2008 11:00,NRSNSI,NRSNSI20081217,NRSNSI20081217_ZOOBIOWC,2008-12-17T01:00:00Z,-27.345,153.562,32.9135,POINT (153.562 -27.345)
anmn_nrs_bgc_plankton_biomass_data.fid--65a59387_1714ce25319_-71c,North Stradbroke,14/01/2009 10:30,NRSNSI,NRSNSI20090114,NRSNSI20090114_ZOOBIOWC,2009-01-14T00:30:00Z,-27.345,153.562,18.8839,POINT (153.562 -27.345)
anmn_nrs_bgc_plankton_biomass_data.fid--65a59387_1714ce25319_-71b,North Stradbroke,18/02/2009 10:30,NRSNSI,NRSNSI20090218,NRSNSI20090218_ZOOBIOWC,2009-02-18T00:30:00Z,-27.345,153.562,16.2606,POINT (153.562 -27.345)
anmn_nrs_bgc_plankton_biomass_data.fid--65a59387_1714ce25319_-71a,North Stradbroke,18/03/2009 10:30,NRSNSI,NRSNSI20090318,NRSNSI20090318_ZOOBIOWC,2009-03-18T00:30:00Z,-27.345,153.562,10.9561,POINT (153.562 -27.345)
anmn_nrs_bgc_plankton_biomass_data.fid--65a59387_1714ce25319_-719,North Stradbroke,16/04/2009 10:30,NRSNSI,NRSNSI20090416,NRSNSI20090416_ZOOBIOWC,2009-04-16T00:30:00Z,-27.345,153.562,10.146,POINT (153.562 -27.345)
anmn_nrs_bgc_plankton_biomass_data.fid--65a59387_1714ce25319_-718,North Stradbroke,27/05/2009 12:03,NRSNSI,NRSNSI20090527,NRSNSI20090527_ZOOBIOWC,2009-05-27T02:03:00Z,-27.345,153.562,11.059,POINT (153.562 -27.345)
anmn_nrs_bgc_plankton_biomass_data.fid--65a59387_1714ce25319_-717,North Stradbroke,18/06/2009 13:30,NRSNSI,NRSNSI20090618,NRSNSI20090618_ZOOBIOWC,2009-06-18T03:30:00Z,-27.345,153.562,23.5454,POINT (153.562 -27.345)
anmn_nrs_bgc_plankton_biomass_data.fid--65a59387_1714ce25319_-716,North Stradbroke,20/07/2009 11:07,NRSNSI,NRSNSI20090720,NRSNSI20090720_ZOOBIOWC,2009-07-20T01:07:00Z,-27.345,153.562,45.985,POINT (153.562 -27.345)
anmn_nrs_bgc_plankton_biomass_data.fid--65a59387_1714ce25319_-715,North Stradbroke,20/08/2009 8:45,NRSNSI,NRSNSI20090819,NRSNSI20090819_ZOOBIOWC,2009-08-19T22:45:00Z,-27.345,153.562,52.6847,POINT (153.562 -27.345)
anmn_nrs_bgc_plankton_biomass_data.fid--65a59387_1714ce25319_-714,North Stradbroke,17/09/2009 8:30,NRSNSI,NRSNSI20090916,NRSNSI20090916_ZOOBIOWC,2009-09-16T22:30:00Z,-27.345,153.562,15.2255,POINT (153.562 -27.345)
anmn_nrs_bgc_plankton_biomass_data.fid--65a59387_1714ce25319_-713,North Stradbroke,7/10/2009 9:07,NRSNSI,NRSNSI20091006,NRSNSI20091006_ZOOBIOWC,2009-10-06T23:07:00Z,-27.345,153.562,38.4237,POINT (153.562 -27.345)
anmn_nrs_bgc_plankton_biomass_data.fid--65a59387_1714ce25319_-712,North Stradbroke,15/10/2009 10:10,NRSNSI,NRSNSI20091015,NRSNSI20091015_ZOOBIOWC,2009-10-15T00:10:00Z,-27.345,153.562,29.1457,POINT (153.562 -27.345)
anmn_nrs_bgc_plankton_biomass_data.fid--65a59387_1714ce25319_-711,North Stradbroke,22/10/2009 9:20,NRSNSI,NRSNSI20091021,NRSNSI20091021_ZOOBIOWC,2009-10-21T23:20:00Z,-27.345,153.562,19.1025,POINT (153.562 -27.345)
anmn_nrs_bgc_plankton_biomass_data.fid--65a59387_1714ce25319_-710,North Stradbroke,2/11/2009 9:02,NRSNSI,NRSNSI20091101,NRSNSI20091101_ZOOBIOWC,2009-11-01T23:02:00Z,-27.345,153.562,15.2255,POINT (153.562 -27.345)
anmn_nrs_bgc_plankton_biomass_data.fid--65a59387_1714ce25319_-70f,North Stradbroke,16/11/2009 8:20,NRSNSI,NRSNSI20091115,NRSNSI20091115_ZOOBIOWC,2009-11-15T22:20:00Z,-27.345,153.562,31.3189,POINT (153.562 -27.345)
anmn_nrs_bgc_plankton_biomass_data.fid--65a59387_1714ce25319_-70e,North Stradbroke,16/12/2009 9:00,NRSNSI,NRSNSI20091215,NRSNSI20091215_ZOOBIOWC,2009-12-15T23:00:00Z,-27.345,153.562,25.5836,POINT (153.562 -27.345)
anmn_nrs_bgc_plankton_biomass_data.fid--65a59387_1714ce25319_-70d,North Stradbroke,22/01/2010 9:50,NRSNSI,NRSNSI20100121,NRSNSI20100121_ZOOBIOWC,2010-01-21T23:50:00Z,-27.345,153.562,33.6465,POINT (153.562 -27.345)
anmn_nrs_bgc_plankton_biomass_data.fid--65a59387_1714ce25319_-70c,North Stradbroke,15/02/2010 9:30,NRSNSI,NRSNSI20100214,NRSNSI20100214_ZOOBIOWC,2010-02-14T23:30:00Z,-27.345,153.562,38.3787,POINT (153.562 -27.345)
anmn_nrs_bgc_plankton_biomass_data.fid--65a59387_1714ce25319_-70b,North Stradbroke,23/03/2010 9:15,NRSNSI,NRSNSI20100322,NRSNSI20100322_ZOOBIOWC,2010-03-22T23:15:00Z,-27.345,153.562,41.8893,POINT (153.562 -27.345)
anmn_nrs_bgc_plankton_biomass_data.fid--65a59387_1714ce25319_-70a,North Stradbroke,12/04/2010 8:35,NRSNSI,NRSNSI20100411,NRSNSI20100411_ZOOBIOWC,2010-04-11T22:35:00Z,-27.345,153.562,17.1544,POINT (153.562 -27.345)
anmn_nrs_bgc_plankton_biomass_data.fid--65a59387_1714ce25319_-709,North Stradbroke,21/05/2010 8:21,NRSNSI,NRSNSI20100520,NRSNSI20100520_ZOOBIOWC,2010-05-20T22:21:00Z,-27.345,153.562,15.907,POINT (153.562 -27.345)
anmn_nrs_bgc_plankton_biomass_data.fid--65a59387_1714ce25319_-708,North Stradbroke,18/06/2010 12:30,NRSNSI,NRSNSI20100618,NRSNSI20100618_ZOOBIOWC,2010-06-18T02:30:00Z,-27.345,153.562,21.7387,POINT (153.562 -27.345)
anmn_nrs_bgc_plankton_biomass_data.fid--65a59387_1714ce25319_-707,North Stradbroke,12/07/2010 8:45,NRSNSI,NRSNSI20100711,NRSNSI20100711_ZOOBIOWC,2010-07-11T22:45:00Z,-27.345,153.562,18.4146,POINT (153.562 -27.345)
anmn_nrs_bgc_plankton_biomass_data.fid--65a59387_1714ce25319_-706,North Stradbroke,18/08/2010 8:25,NRSNSI,NRSNSI20100817,NRSNSI20100817_ZOOBIOWC,2010-08-17T22:25:00Z,-27.345,153.562,17.7652,POINT (153.562 -27.345)
anmn_nrs_bgc_plankton_biomass_data.fid--65a59387_1714ce25319_-705,North Stradbroke,16/09/2010 12:45,NRSNSI,NRSNSI20100916,NRSNSI20100916_ZOOBIOWC,2010-09-16T02:45:00Z,-27.345,153.562,13.5023,POINT (153.562 -27.345)
anmn_nrs_bgc_plankton_biomass_data.fid--65a59387_1714ce25319_-704,North Stradbroke,18/10/2010 10:00,NRSNSI,NRSNSI20101018,NRSNSI20101018_ZOOBIOWC,2010-10-18T00:00:00Z,-27.345,153.562,25.1464,POINT (153.562 -27.345)
anmn_nrs_bgc_plankton_biomass_data.fid--65a59387_1714ce25319_-703,North Stradbroke,16/11/2010 9:30,NRSNSI,NRSNSI20101115,NRSNSI20101115_ZOOBIOWC,2010-11-15T23:30:00Z,-27.345,153.562,32.592,POINT (153.562 -27.345)
anmn_nrs_bgc_plankton_biomass_data.fid--65a59387_1714ce25319_-702,North Stradbroke,16/12/2010 8:30,NRSNSI,NRSNSI20101215,NRSNSI20101215_ZOOBIOWC,2010-12-15T22:30:00Z,-27.345,153.562,12.0042,POINT (153.562 -27.345)
anmn_nrs_bgc_plankton_biomass_data.fid--65a59387_1714ce25319_-701,North Stradbroke,19/01/2011 10:00,NRSNSI,NRSNSI20110119,NRSNSI20110119_ZOOBIOWC,2011-01-19T00:00:00Z,-27.345,153.562,13.663,POINT (153.562 -27.345)
anmn_nrs_bgc_plankton_biomass_data.fid--65a59387_1714ce25319_-700,North Stradbroke,21/02/2011 9:40,NRSNSI,NRSNSI20110220,NRSNSI20110220_ZOOBIOWC,2011-02-20T23:40:00Z,-27.345,153.562,7.1305,POINT (153.562 -27.345)
anmn_nrs_bgc_plankton_biomass_data.fid--65a59387_1714ce25319_-6ff,North Stradbroke,23/03/2011 10:20,NRSNSI,NRSNSI20110323,NRSNSI20110323_ZOOBIOWC,2011-03-23T00:20:00Z,-27.345,153.562,6.1789,POINT (153.562 -27.345)
anmn_nrs_bgc_plankton_biomass_data.fid--65a59387_1714ce25319_-6fe,North Stradbroke,13/04/2011 9:25,NRSNSI,NRSNSI20110412,NRSNSI20110412_ZOOBIOWC,2011-04-12T23:25:00Z,-27.345,153.562,9.8374,POINT (153.562 -27.345)
anmn_nrs_bgc_plankton_biomass_data.fid--65a59387_1714ce25319_-6fd,North Stradbroke,6/06/2011 10:00,NRSNSI,NRSNSI20110606,NRSNSI20110606_ZOOBIOWC,2011-06-06T00:00:00Z,-27.345,153.562,5.5809,POINT (153.562 -27.345)
anmn_nrs_bgc_plankton_biomass_data.fid--65a59387_1714ce25319_-6fc,North Stradbroke,23/06/2011 10:25,NRSNSI,NRSNSI20110623,NRSNSI20110623_ZOOBIOWC,2011-06-23T00:25:00Z,-27.345,153.562,6.539,POINT (153.562 -27.345)
anmn_nrs_bgc_plankton_biomass_data.fid--65a59387_1714ce25319_-6fb,North Stradbroke,28/07/2011 9:30,NRSNSI,NRSNSI20110727,NRSNSI20110727_ZOOBIOWC,2011-07-27T23:30:00Z,-27.345,153.562,6.3525,POINT (153.562 -27.345)
anmn_nrs_bgc_plankton_biomass_data.fid--65a59387_1714ce25319_-6fa,North Stradbroke,16/08/2011 10:00,NRSNSI,NRSNSI20110816,NRSNSI20110816_ZOOBIOWC,2011-08-16T00:00:00Z,-27.345,153.562,16.5371,POINT (153.562 -27.345)
anmn_nrs_bgc_plankton_biomass_data.fid--65a59387_1714ce25319_-6f9,North Stradbroke,15/09/2011 11:10,NRSNSI,NRSNSI20110915,NRSNSI20110915_ZOOBIOWC,2011-09-15T01:10:00Z,-27.345,153.562,9.2909,POINT (153.562 -27.345)
anmn_nrs_bgc_plankton_biomass_data.fid--65a59387_1714ce25319_-6f8,North Stradbroke,13/10/2011 10:30,NRSNSI,NRSNSI20111013,NRSNSI20111013_ZOOBIOWC,2011-10-13T00:30:00Z,-27.345,153.562,10.0882,POINT (153.562 -27.345)
anmn_nrs_bgc_plankton_biomass_data.fid--65a59387_1714ce25319_-6f7,North Stradbroke,16/11/2011 10:00,NRSNSI,NRSNSI20111116,NRSNSI20111116_ZOOBIOWC,2011-11-16T00:00:00Z,-27.345,153.562,17.0901,POINT (153.562 -27.345)
anmn_nrs_bgc_plankton_biomass_data.fid--65a59387_1714ce25319_-6f6,North Stradbroke,21/12/2011 9:15,NRSNSI,NRSNSI20111220,NRSNSI20111220_ZOOBIOWC,2011-12-20T23:15:00Z,-27.345,153.562,6.1082,POINT (153.562 -27.345)
anmn_nrs_bgc_plankton_biomass_data.fid--65a59387_1714ce25319_-6f5,North Stradbroke,14/02/2012 8:00,NRSNSI,NRSNSI20120213,NRSNSI20120213_ZOOBIOWC,2012-02-13T22:00:00Z,-27.345,153.562,6.7511,POINT (153.562 -27.345)
anmn_nrs_bgc_plankton_biomass_data.fid--65a59387_1714ce25319_-6f4,North Stradbroke,1/03/2012 9:45,NRSNSI,NRSNSI20120229,NRSNSI20120229_ZOOBIOWC,2012-02-29T23:45:00Z,-27.345,153.562,9.0915,POINT (153.562 -27.345)
anmn_nrs_bgc_plankton_biomass_data.fid--65a59387_1714ce25319_-6f3,North Stradbroke,11/05/2012 10:05,NRSNSI,NRSNSI20120511,NRSNSI20120511_ZOOBIOWC,2012-05-11T00:05:00Z,-27.345,153.562,12.2164,POINT (153.562 -27.345)
anmn_nrs_bgc_plankton_biomass_data.fid--65a59387_1714ce25319_-6f2,North Stradbroke,20/06/2012 10:20,NRSNSI,NRSNSI20120620,NRSNSI20120620_ZOOBIOWC,2012-06-20T00:20:00Z,-27.345,153.562,7.7156,POINT (153.562 -27.345)
anmn_nrs_bgc_plankton_biomass_data.fid--65a59387_1714ce25319_-6f1,North Stradbroke,6/08/2012 10:15,NRSNSI,NRSNSI20120806,NRSNSI20120806_ZOOBIOWC,2012-08-06T00:15:00Z,-27.345,153.562,7.4134,POINT (153.562 -27.345)
anmn_nrs_bgc_plankton_biomass_data.fid--65a59387_1714ce25319_-6f0,North Stradbroke,21/08/2012 10:15,NRSNSI,NRSNSI20120821,NRSNSI20120821_ZOOBIOWC,2012-08-21T00:15:00Z,-27.345,153.562,14.0038,POINT (153.562 -27.345)
anmn_nrs_bgc_plankton_biomass_data.fid--65a59387_1714ce25319_-6ef,North Stradbroke,12/09/2012 10:20,NRSNSI,NRSNSI20120912,NRSNSI20120912_ZOOBIOWC,2012-09-12T00:20:00Z,-27.345,153.562,19.019,POINT (153.562 -27.345)
anmn_nrs_bgc_plankton_biomass_data.fid--65a59387_1714ce25319_-6ee,North Stradbroke,17/10/2012 10:20,NRSNSI,NRSNSI20121017,NRSNSI20121017_ZOOBIOWC,2012-10-17T00:20:00Z,-27.345,153.562,21.7194,POINT (153.562 -27.345)
anmn_nrs_bgc_plankton_biomass_data.fid--65a59387_1714ce25319_-6ed,North Stradbroke,14/11/2012 10:45,NRSNSI,NRSNSI20121114,NRSNSI20121114_ZOOBIOWC,2012-11-14T00:45:00Z,-27.345,153.562,19.5462,POINT (153.562 -27.345)
anmn_nrs_bgc_plankton_biomass_data.fid--65a59387_1714ce25319_-6ec,North Stradbroke,11/01/2013 10:40,NRSNSI,NRSNSI20130111,NRSNSI20130111_ZOOBIOWC,2013-01-11T00:40:00Z,-27.345,153.562,14.4732,POINT (153.562 -27.345)
anmn_nrs_bgc_plankton_biomass_data.fid--65a59387_1714ce25319_-6eb,North Stradbroke,23/01/2013 10:15,NRSNSI,NRSNSI20130123,NRSNSI20130123_ZOOBIOWC,2013-01-23T00:15:00Z,-27.345,153.562,11.3226,POINT (153.562 -27.345)
anmn_nrs_bgc_plankton_biomass_data.fid--65a59387_1714ce25319_-6ea,North Stradbroke,26/03/2013 11:10,NRSNSI,NRSNSI20130326,NRSNSI20130326_ZOOBIOWC,2013-03-26T01:10:00Z,-27.345,153.562,8.8086,POINT (153.562 -27.345)
anmn_nrs_bgc_plankton_biomass_data.fid--65a59387_1714ce25319_-6e9,North Stradbroke,18/04/2013 10:05,NRSNSI,NRSNSI20130418,NRSNSI20130418_ZOOBIOWC,2013-04-18T00:05:00Z,-27.345,153.562,8.7251,POINT (153.562 -27.345)
anmn_nrs_bgc_plankton_biomass_data.fid--65a59387_1714ce25319_-6e8,North Stradbroke,20/05/2013 10:05,NRSNSI,NRSNSI20130520,NRSNSI20130520_ZOOBIOWC,2013-05-20T00:05:00Z,-27.345,153.562,11.2069,POINT (153.562 -27.345)
anmn_nrs_bgc_plankton_biomass_data.fid--65a59387_1714ce25319_-6e7,North Stradbroke,7/07/2013 9:40,NRSNSI,NRSNSI20130706,NRSNSI20130706_ZOOBIOWC,2013-07-06T23:40:00Z,-27.345,153.562,5.2595,POINT (153.562 -27.345)
anmn_nrs_bgc_plankton_biomass_data.fid--65a59387_1714ce25319_-6e6,North Stradbroke,6/08/2013 10:15,NRSNSI,NRSNSI20130806,NRSNSI20130806_ZOOBIOWC,2013-08-06T00:15:00Z,-27.345,153.562,13.5087,POINT (153.562 -27.345)
anmn_nrs_bgc_plankton_biomass_data.fid--65a59387_1714ce25319_-6e5,North Stradbroke,19/08/2013 10:10,NRSNSI,NRSNSI20130819,NRSNSI20130819_ZOOBIOWC,2013-08-19T00:10:00Z,-27.345,153.562,5.2145,POINT (153.562 -27.345)
anmn_nrs_bgc_plankton_biomass_data.fid--65a59387_1714ce25319_-6e4,North Stradbroke,13/09/2013 10:25,NRSNSI,NRSNSI20130913,NRSNSI20130913_ZOOBIOWC,2013-09-13T00:25:00Z,-27.345,153.562,10.282,POINT (153.562 -27.345)
anmn_nrs_bgc_plankton_biomass_data.fid--65a59387_1714ce25319_-6e3,North Stradbroke,16/10/2013 10:40,NRSNSI,NRSNSI20131016,NRSNSI20131016_ZOOBIOWC,2013-10-16T00:40:00Z,-27.345,153.562,17.9388,POINT (153.562 -27.345)
anmn_nrs_bgc_plankton_biomass_data.fid--65a59387_1714ce25319_-6e2,North Stradbroke,22/11/2013 9:55,NRSNSI,NRSNSI20131121,NRSNSI20131121_ZOOBIOWC,2013-11-21T23:55:00Z,-27.345,153.562,14.6403,POINT (153.562 -27.345)
anmn_nrs_bgc_plankton_biomass_data.fid--65a59387_1714ce25319_-6e1,North Stradbroke,12/12/2013 10:20,NRSNSI,NRSNSI20131212,NRSNSI20131212_ZOOBIOWC,2013-12-12T00:20:00Z,-27.345,153.562,11.0783,POINT (153.562 -27.345)
anmn_nrs_bgc_plankton_biomass_data.fid--65a59387_1714ce25319_-6e0,North Stradbroke,13/02/2014 10:20,NRSNSI,NRSNSI20140213,NRSNSI20140213_ZOOBIOWC,2014-02-13T00:20:00Z,-27.345,153.562,13.0201,POINT (153.562 -27.345)
anmn_nrs_bgc_plankton_biomass_data.fid--65a59387_1714ce25319_-6df,North Stradbroke,6/03/2014 10:15,NRSNSI,NRSNSI20140306,NRSNSI20140306_ZOOBIOWC,2014-03-06T00:15:00Z,-27.345,153.562,23.1468,POINT (153.562 -27.345)
anmn_nrs_bgc_plankton_biomass_data.fid--65a59387_1714ce25319_-6de,North Stradbroke,4/04/2014 10:45,NRSNSI,NRSNSI20140404,NRSNSI20140404_ZOOBIOWC,2014-04-04T00:45:00Z,-27.345,153.562,14.5761,POINT (153.562 -27.345)
anmn_nrs_bgc_plankton_biomass_data.fid--65a59387_1714ce25319_-6dd,North Stradbroke,7/05/2014 10:25,NRSNSI,NRSNSI20140507,NRSNSI20140507_ZOOBIOWC,2014-05-07T00:25:00Z,-27.345,153.562,9.9403,POINT (153.562 -27.345)
anmn_nrs_bgc_plankton_biomass_data.fid--65a59387_1714ce25319_-6dc,North Stradbroke,23/06/2014 10:20,NRSNSI,NRSNSI20140623,NRSNSI20140623_ZOOBIOWC,2014-06-23T00:20:00Z,-27.345,153.562,10.1267,POINT (153.562 -27.345)
anmn_nrs_bgc_plankton_biomass_data.fid--65a59387_1714ce25319_-6db,North Stradbroke,25/07/2014 10:35,NRSNSI,NRSNSI20140725,NRSNSI20140725_ZOOBIOWC,2014-07-25T00:35:00Z,-27.345,153.562,12.3192,POINT (153.562 -27.345)
anmn_nrs_bgc_plankton_biomass_data.fid--65a59387_1714ce25319_-6da,North Stradbroke,1/09/2014 10:10,NRSNSI,NRSNSI20140901,NRSNSI20140901_ZOOBIOWC,2014-09-01T00:10:00Z,-27.345,153.562,9.233,POINT (153.562 -27.345)
anmn_nrs_bgc_plankton_biomass_data.fid--65a59387_1714ce25319_-6d9,North Stradbroke,17/09/2014 10:30,NRSNSI,NRSNSI20140917,NRSNSI20140917_ZOOBIOWC,2014-09-17T00:30:00Z,-27.345,153.562,20.4206,POINT (153.562 -27.345)
anmn_nrs_bgc_plankton_biomass_data.fid--65a59387_1714ce25319_-6d8,North Stradbroke,20/10/2014 10:45,NRSNSI,NRSNSI20141020,NRSNSI20141020_ZOOBIOWC,2014-10-20T00:45:00Z,-27.345,153.562,6.6868,POINT (153.562 -27.345)
anmn_nrs_bgc_plankton_biomass_data.fid--65a59387_1714ce25319_-6d7,North Stradbroke,7/11/2014 10:35,NRSNSI,NRSNSI20141107,NRSNSI20141107_ZOOBIOWC,2014-11-07T00:35:00Z,-27.345,153.562,11.3484,POINT (153.562 -27.345)
anmn_nrs_bgc_plankton_biomass_data.fid--65a59387_1714ce25319_-6d6,North Stradbroke,23/12/2014 10:35,NRSNSI,NRSNSI20141223,NRSNSI20141223_ZOOBIOWC,2014-12-23T00:35:00Z,-27.345,153.562,10.5254,POINT (153.562 -27.345)
anmn_nrs_bgc_plankton_biomass_data.fid--65a59387_1714ce25319_-6d5,North Stradbroke,19/01/2015 10:35,NRSNSI,NRSNSI20150119,NRSNSI20150119_ZOOBIOWC,2015-01-19T00:35:00Z,-27.345,153.562,12.5829,POINT (153.562 -27.345)
anmn_nrs_bgc_plankton_biomass_data.fid--65a59387_1714ce25319_-6d4,North Stradbroke,4/03/2015 10:30,NRSNSI,NRSNSI20150304,NRSNSI20150304_ZOOBIOWC,2015-03-04T00:30:00Z,-27.345,153.562,6.3011,POINT (153.562 -27.345)
anmn_nrs_bgc_plankton_biomass_data.fid--65a59387_1714ce25319_-6d3,North Stradbroke,23/03/2015 11:40,NRSNSI,NRSNSI20150323,NRSNSI20150323_ZOOBIOWC,2015-03-23T01:40:00Z,-27.345,153.562,16.222,POINT (153.562 -27.345)
anmn_nrs_bgc_plankton_biomass_data.fid--65a59387_1714ce25319_-6d2,North Stradbroke,12/05/2015 10:15,NRSNSI,NRSNSI20150512,NRSNSI20150512_ZOOBIOWC,2015-05-12T00:15:00Z,-27.345,153.562,9.6895,POINT (153.562 -27.345)
anmn_nrs_bgc_plankton_biomass_data.fid--65a59387_1714ce25319_-6d1,North Stradbroke,28/05/2015 10:15,NRSNSI,NRSNSI20150528,NRSNSI20150528_ZOOBIOWC,2015-05-28T00:15:00Z,-27.345,153.562,9.3937,POINT (153.562 -27.345)
anmn_nrs_bgc_plankton_biomass_data.fid--65a59387_1714ce25319_-6d0,North Stradbroke,24/06/2015 10:30,NRSNSI,NRSNSI20150624,NRSNSI20150624_ZOOBIOWC,2015-06-24T00:30:00Z,-27.345,153.562,8.9501,POINT (153.562 -27.345)
anmn_nrs_bgc_plankton_biomass_data.fid--65a59387_1714ce25319_-6cf,North Stradbroke,31/07/2015 10:15,NRSNSI,NRSNSI20150731,NRSNSI20150731_ZOOBIOWC,2015-07-31T00:15:00Z,-27.345,153.562,14.0552,POINT (153.562 -27.345)
anmn_nrs_bgc_plankton_biomass_data.fid--65a59387_1714ce25319_-6ce,North Stradbroke,17/08/2015 10:30,NRSNSI,NRSNSI20150817,NRSNSI20150817_ZOOBIOWC,2015-08-17T00:30:00Z,-27.345,153.562,15.5791,POINT (153.562 -27.345)
anmn_nrs_bgc_plankton_biomass_data.fid--65a59387_1714ce25319_-6cd,North Stradbroke,7/09/2015 10:40,NRSNSI,NRSNSI20150907,NRSNSI20150907_ZOOBIOWC,2015-09-07T00:40:00Z,-27.345,153.562,13.7531,POINT (153.562 -27.345)
anmn_nrs_bgc_plankton_biomass_data.fid--65a59387_1714ce25319_-6cc,North Stradbroke,27/10/2015 10:50,NRSNSI,NRSNSI20151027,NRSNSI20151027_ZOOBIOWC,2015-10-27T00:50:00Z,-27.345,153.562,4.893,POINT (153.562 -27.345)
anmn_nrs_bgc_plankton_biomass_data.fid--65a59387_1714ce25319_-6cb,North Stradbroke,19/11/2015 10:24,NRSNSI,NRSNSI20151119,NRSNSI20151119_ZOOBIOWC,2015-11-19T00:24:00Z,-27.345,153.562,9.3809,POINT (153.562 -27.345)
anmn_nrs_bgc_plankton_biomass_data.fid--65a59387_1714ce25319_-6ca,North Stradbroke,16/12/2015 10:30,NRSNSI,NRSNSI20151216,NRSNSI20151216_ZOOBIOWC,2015-12-16T00:30:00Z,-27.345,153.562,14.5503,POINT (153.562 -27.345)
anmn_nrs_bgc_plankton_biomass_data.fid--65a59387_1714ce25319_-6c9,North Stradbroke,20/01/2016 10:30,NRSNSI,NRSNSI20160120,NRSNSI20160120_ZOOBIOWC,2016-01-20T00:30:00Z,-27.345,153.562,10.8083,POINT (153.562 -27.345)
anmn_nrs_bgc_plankton_biomass_data.fid--65a59387_1714ce25319_-6c8,North Stradbroke,18/03/2016 10:30,NRSNSI,NRSNSI20160318,NRSNSI20160318_ZOOBIOWC,2016-03-18T00:30:00Z,-27.345,153.562,14.5439,POINT (153.562 -27.345)
anmn_nrs_bgc_plankton_biomass_data.fid--65a59387_1714ce25319_-6c7,North Stradbroke,12/04/2016 10:45,NRSNSI,NRSNSI20160412,NRSNSI20160412_ZOOBIOWC,2016-04-12T00:45:00Z,-27.345,153.562,7.3813,POINT (153.562 -27.345)
anmn_nrs_bgc_plankton_biomass_data.fid--65a59387_1714ce25319_-6c6,North Stradbroke,17/05/2016 10:30,NRSNSI,NRSNSI20160517,NRSNSI20160517_ZOOBIOWC,2016-05-17T00:30:00Z,-27.345,153.562,9.9017,POINT (153.562 -27.345)
anmn_nrs_bgc_plankton_biomass_data.fid--65a59387_1714ce25319_-6c5,North Stradbroke,23/06/2016 10:30,NRSNSI,NRSNSI20160623,NRSNSI20160623_ZOOBIOWC,2016-06-23T00:30:00Z,-27.345,153.562,13.6566,POINT (153.562 -27.345)
anmn_nrs_bgc_plankton_biomass_data.fid--65a59387_1714ce25319_-6c4,North Stradbroke,20/07/2016 10:30,NRSNSI,NRSNSI20160720,NRSNSI20160720_ZOOBIOWC,2016-07-20T00:30:00Z,-27.345,153.562,9.0915,POINT (153.562 -27.345)
anmn_nrs_bgc_plankton_biomass_data.fid--65a59387_1714ce25319_-6c3,North Stradbroke,22/08/2016 10:50,NRSNSI,NRSNSI20160822,NRSNSI20160822_ZOOBIOWC,2016-08-22T00:50:00Z,-27.345,153.562,17.5594,POINT (153.562 -27.345)
anmn_nrs_bgc_plankton_biomass_data.fid--65a59387_1714ce25319_-6c2,North Stradbroke,20/09/2016 10:15,NRSNSI,NRSNSI20160920,NRSNSI20160920_ZOOBIOWC,2016-09-20T00:15:00Z,-27.345,153.562,10.5254,POINT (153.562 -27.345)
anmn_nrs_bgc_plankton_biomass_data.fid--65a59387_1714ce25319_-6c1,North Stradbroke,20/10/2016 9:40,NRSNSI,NRSNSI20161019,NRSNSI20161019_ZOOBIOWC,2016-10-19T23:40:00Z,-27.345,153.562,13.0201,POINT (153.562 -27.345)
anmn_nrs_bgc_plankton_biomass_data.fid--65a59387_1714ce25319_-6c0,North Stradbroke,16/11/2016 10:15,NRSNSI,NRSNSI20161116,NRSNSI20161116_ZOOBIOWC,2016-11-16T00:15:00Z,-27.345,153.562,13.1101,POINT (153.562 -27.345)
anmn_nrs_bgc_plankton_biomass_data.fid--65a59387_1714ce25319_-6bf,North Stradbroke,15/12/2016 10:15,NRSNSI,NRSNSI20161215,NRSNSI20161215_ZOOBIOWC,2016-12-15T00:15:00Z,-27.345,153.562,42.0886,POINT (153.562 -27.345)
anmn_nrs_bgc_plankton_biomass_data.fid--65a59387_1714ce25319_-6be,North Stradbroke,17/01/2017 10:30,NRSNSI,NRSNSI20170117,NRSNSI20170117_ZOOBIOWC,2017-01-17T00:30:00Z,-27.345,153.562,12.6729,POINT (153.562 -27.345)
anmn_nrs_bgc_plankton_biomass_data.fid--65a59387_1714ce25319_-6bd,North Stradbroke,17/02/2017 10:30,NRSNSI,NRSNSI20170217,NRSNSI20170217_ZOOBIOWC,2017-02-17T00:30:00Z,-27.345,153.562,18.2667,POINT (153.562 -27.345)
anmn_nrs_bgc_plankton_biomass_data.fid--65a59387_1714ce25319_-6bc,North Stradbroke,24/04/2017 11:00,NRSNSI,NRSNSI20170424,NRSNSI20170424_ZOOBIOWC,2017-04-24T01:00:00Z,-27.345,153.562,11.3034,POINT (153.562 -27.345)
anmn_nrs_bgc_plankton_biomass_data.fid--65a59387_1714ce25319_-6bb,North Stradbroke,16/05/2017 10:20,NRSNSI,NRSNSI20170516,NRSNSI20170516_ZOOBIOWC,2017-05-16T00:20:00Z,-27.345,153.562,10.4996,POINT (153.562 -27.345)
anmn_nrs_bgc_plankton_biomass_data.fid--65a59387_1714ce25319_-6ba,North Stradbroke,27/06/2017 10:20,NRSNSI,NRSNSI20170627,NRSNSI20170627_ZOOBIOWC,2017-06-27T00:20:00Z,-27.345,153.562,9.2394,POINT (153.562 -27.345)
anmn_nrs_bgc_plankton_biomass_data.fid--65a59387_1714ce25319_-6b9,North Stradbroke,17/07/2017 11:05,NRSNSI,NRSNSI20170717,NRSNSI20170717_ZOOBIOWC,2017-07-17T01:05:00Z,-27.345,153.562,9.7345,POINT (153.562 -27.345)
anmn_nrs_bgc_plankton_biomass_data.fid--65a59387_1714ce25319_-6b8,North Stradbroke,29/08/2017 11:50,NRSNSI,NRSNSI20170829,NRSNSI20170829_ZOOBIOWC,2017-08-29T01:50:00Z,-27.345,153.562,10.2232,POINT (153.562 -27.345)
anmn_nrs_bgc_plankton_biomass_data.fid--65a59387_1714ce25319_-6b7,North Stradbroke,27/09/2017 10:40,NRSNSI,NRSNSI20170927,NRSNSI20170927_ZOOBIOWC,2017-09-27T00:40:00Z,-27.345,153.562,16.087,POINT (153.562 -27.345)
anmn_nrs_bgc_plankton_biomass_data.fid--65a59387_1714ce25319_-6b6,North Stradbroke,23/10/2017 10:25,NRSNSI,NRSNSI20171023,NRSNSI20171023_ZOOBIOWC,2017-10-23T00:25:00Z,-27.345,153.562,11.7689,POINT (153.562 -27.345)
anmn_nrs_bgc_plankton_biomass_data.fid--65a59387_1714ce25319_-6b5,North Stradbroke,16/11/2017 10:30,NRSNSI,NRSNSI20171116,NRSNSI20171116_ZOOBIOWC,2017-11-16T00:30:00Z,-27.345,153.562,7.9214,POINT (153.562 -27.345)
anmn_nrs_bgc_plankton_biomass_data.fid--65a59387_1714ce25319_-6b4,North Stradbroke,19/12/2017 10:45,NRSNSI,NRSNSI20171219,NRSNSI20171219_ZOOBIOWC,2017-12-19T00:45:00Z,-27.345,153.562,8.2814,POINT (153.562 -27.345)
anmn_nrs_bgc_plankton_biomass_data.fid--65a59387_1714ce25319_-6b3,North Stradbroke,23/01/2018 10:20,NRSNSI,NRSNSI20180123,NRSNSI20180123_ZOOBIOWC,2018-01-23T00:20:00Z,-27.345,153.562,13.9138,POINT (153.562 -27.345)
anmn_nrs_bgc_plankton_biomass_data.fid--65a59387_1714ce25319_-6b2,North Stradbroke,2/03/2018 10:25,NRSNSI,NRSNSI20180302,NRSNSI20180302_ZOOBIOWC,2018-03-02T00:25:00Z,-27.345,153.562,10.2939,POINT (153.562 -27.345)
anmn_nrs_bgc_plankton_biomass_data.fid--65a59387_1714ce25319_-6b1,North Stradbroke,20/03/2018 10:40,NRSNSI,NRSNSI20180320,NRSNSI20180320_ZOOBIOWC,2018-03-20T00:40:00Z,-27.345,153.562,10.2939,POINT (153.562 -27.345)
anmn_nrs_bgc_plankton_biomass_data.fid--65a59387_1714ce25319_-6b0,North Stradbroke,17/04/2018 10:15,NRSNSI,NRSNSI20180417,NRSNSI20180417_ZOOBIOWC,2018-04-17T00:15:00Z,-27.345,153.562,9.413,POINT (153.562 -27.345)
anmn_nrs_bgc_plankton_biomass_data.fid--65a59387_1714ce25319_-6af,North Stradbroke,30/05/2018 10:20,NRSNSI,NRSNSI20180530,NRSNSI20180530_ZOOBIOWC,2018-05-30T00:20:00Z,-27.345,153.562,9.6574,POINT (153.562 -27.345)
anmn_nrs_bgc_plankton_biomass_data.fid--65a59387_1714ce25319_-6ae,North Stradbroke,18/07/2018 10:20,NRSNSI,NRSNSI20180718,NRSNSI20180718_ZOOBIOWC,2018-07-18T00:20:00Z,-27.345,153.562,16.1063,POINT (153.562 -27.345)
anmn_nrs_bgc_plankton_biomass_data.fid--65a59387_1714ce25319_-6ad,North Stradbroke,17/08/2018 10:20,NRSNSI,NRSNSI20180817,NRSNSI20180817_ZOOBIOWC,2018-08-17T00:20:00Z,-27.345,153.562,11.8242,POINT (153.562 -27.345)
anmn_nrs_bgc_plankton_biomass_data.fid--65a59387_1714ce25319_-6ac,North Stradbroke,13/09/2018 10:20,NRSNSI,NRSNSI20180913,NRSNSI20180913_ZOOBIOWC,2018-09-13T00:20:00Z,-27.345,153.562,20.5685,POINT (153.562 -27.345)
anmn_nrs_bgc_plankton_biomass_data.fid--65a59387_1714ce25319_-6ab,North Stradbroke,23/10/2018 10:30,NRSNSI,NRSNSI20181023,NRSNSI20181023_ZOOBIOWC,2018-10-23T00:30:00Z,-27.345,153.562,15.1804,POINT (153.562 -27.345)
anmn_nrs_bgc_plankton_biomass_data.fid--65a59387_1714ce25319_-6aa,North Stradbroke,15/11/2018 10:40,NRSNSI,NRSNSI20181115,NRSNSI20181115_ZOOBIOWC,2018-11-15T00:40:00Z,-27.345,153.562,15.1001,POINT (153.562 -27.345)
anmn_nrs_bgc_plankton_biomass_data.fid--65a59387_1714ce25319_-6a9,North Stradbroke,18/01/2019 10:40,NRSNSI,NRSNSI20190118,NRSNSI20190118_ZOOBIOWC,2019-01-18T00:40:00Z,-27.345,153.562,15.284,POINT (153.562 -27.345)
anmn_nrs_bgc_plankton_biomass_data.fid--65a59387_1714ce25319_-6a8,North Stradbroke,22/03/2019 10:50,NRSNSI,NRSNSI20190322,NRSNSI20190322_ZOOBIOWC,2019-03-22T00:50:00Z,-27.345,153.562,16.1192,POINT (153.562 -27.345)
anmn_nrs_bgc_plankton_biomass_data.fid--65a59387_1714ce25319_-6a7,North Stradbroke,16/04/2019 10:10,NRSNSI,NRSNSI20190416,NRSNSI20190416_ZOOBIOWC,2019-04-16T00:10:00Z,-27.345,153.562,11.5991,POINT (153.562 -27.345)
anmn_nrs_bgc_plankton_biomass_data.fid--65a59387_1714ce25319_-6a6,North Stradbroke,27/05/2019 10:15,NRSNSI,NRSNSI20190527,NRSNSI20190527_ZOOBIOWC,2019-05-27T00:15:00Z,-27.345,153.562,13.8752,POINT (153.562 -27.345)
anmn_nrs_bgc_plankton_biomass_data.fid--65a59387_1714ce25319_-6a5,North Stradbroke,18/06/2019 10:00,NRSNSI,NRSNSI20190618,NRSNSI20190618_ZOOBIOWC,2019-06-18T00:00:00Z,-27.345,153.562,5.0087,POINT (153.562 -27.345)
anmn_nrs_bgc_plankton_biomass_data.fid--65a59387_1714ce25319_-6a4,North Stradbroke,23/07/2019 10:20,NRSNSI,NRSNSI20190723,NRSNSI20190723_ZOOBIOWC,2019-07-23T00:20:00Z,-27.345,153.562,12.1006,POINT (153.562 -27.345)
anmn_nrs_bgc_plankton_biomass_data.fid--65a59387_1714ce25319_-6a3,North Stradbroke,21/08/2019 10:40,NRSNSI,NRSNSI20190821,NRSNSI20190821_ZOOBIOWC,2019-08-21T00:40:00Z,-27.345,153.562,10.0431,POINT (153.562 -27.345)
anmn_nrs_bgc_plankton_biomass_data.fid--65a59387_1714ce25319_-6a2,North Stradbroke,16/09/2019 10:20,NRSNSI,NRSNSI20190916,NRSNSI20190916_ZOOBIOWC,2019-09-16T00:20:00Z,-27.345,153.562,8.5579,POINT (153.562 -27.345)
anmn_nrs_bgc_plankton_biomass_data.fid--65a59387_1714ce25319_-6a1,North Stradbroke,24/10/2019 10:20,NRSNSI,NRSNSI20191024,NRSNSI20191024_ZOOBIOWC,2019-10-24T00:20:00Z,-27.345,153.562,11.1555,POINT (153.562 -27.345)
anmn_nrs_bgc_plankton_biomass_data.fid--65a59387_1714ce25319_-6a0,Port Hacking,24/02/2009 9:27,NRSPHB,NRSPHB20090223,NRSPHB20090223_ZOOBIOWC,2009-02-23T22:27:00Z,-34.1192,151.2267,140.0842,POINT (151.22667 -34.11923)
anmn_nrs_bgc_plankton_biomass_data.fid--65a59387_1714ce25319_-69f,Port Hacking,19/03/2009 9:39,NRSPHB,NRSPHB20090318,NRSPHB20090318_ZOOBIOWC,2009-03-18T22:39:00Z,-34.1192,151.2267,17.8478,POINT (151.22667 -34.11923)
anmn_nrs_bgc_plankton_biomass_data.fid--65a59387_1714ce25319_-69e,Port Hacking,23/04/2009 9:38,NRSPHB,NRSPHB20090422,NRSPHB20090422_ZOOBIOWC,2009-04-22T23:38:00Z,-34.1192,151.2267,39.0551,POINT (151.22667 -34.11923)
anmn_nrs_bgc_plankton_biomass_data.fid--65a59387_1714ce25319_-69d,Port Hacking,19/05/2009 9:25,NRSPHB,NRSPHB20090518,NRSPHB20090518_ZOOBIOWC,2009-05-18T23:25:00Z,-34.1192,151.2267,44.257,POINT (151.22667 -34.11923)
anmn_nrs_bgc_plankton_biomass_data.fid--65a59387_1714ce25319_-69c,Port Hacking,24/06/2009 9:10,NRSPHB,NRSPHB20090623,NRSPHB20090623_ZOOBIOWC,2009-06-23T23:10:00Z,-34.1192,151.2267,3.3843,POINT (151.22667 -34.11923)
anmn_nrs_bgc_plankton_biomass_data.fid--65a59387_1714ce25319_-69b,Port Hacking,15/07/2009 9:15,NRSPHB,NRSPHB20090714,NRSPHB20090714_ZOOBIOWC,2009-07-14T23:15:00Z,-34.1192,151.2267,2.7583,POINT (151.22667 -34.11923)
anmn_nrs_bgc_plankton_biomass_data.fid--65a59387_1714ce25319_-69a,Port Hacking,20/08/2009 9:19,NRSPHB,NRSPHB20090819,NRSPHB20090819_ZOOBIOWC,2009-08-19T23:19:00Z,-34.1192,151.2267,9.4809,POINT (151.22667 -34.11923)
anmn_nrs_bgc_plankton_biomass_data.fid--65a59387_1714ce25319_-699,Port Hacking,21/09/2009 9:17,NRSPHB,NRSPHB20090920,NRSPHB20090920_ZOOBIOWC,2009-09-20T23:17:00Z,-34.1192,151.2267,15.9205,POINT (151.22667 -34.11923)
anmn_nrs_bgc_plankton_biomass_data.fid--65a59387_1714ce25319_-698,Port Hacking,25/09/2009 8:45,NRSPHB,NRSPHB20090924,NRSPHB20090924_ZOOBIOWC,2009-09-24T22:45:00Z,-34.1192,151.2267,32.3644,POINT (151.22667 -34.11923)
anmn_nrs_bgc_plankton_biomass_data.fid--65a59387_1714ce25319_-697,Port Hacking,12/10/2009 9:28,NRSPHB,NRSPHB20091011,NRSPHB20091011_ZOOBIOWC,2009-10-11T22:28:00Z,-34.1192,151.2267,93.3446,POINT (151.22667 -34.11923)
anmn_nrs_bgc_plankton_biomass_data.fid--65a59387_1714ce25319_-696,Port Hacking,19/10/2009 9:55,NRSPHB,NRSPHB20091018,NRSPHB20091018_ZOOBIOWC,2009-10-18T22:55:00Z,-34.1192,151.2267,19.8494,POINT (151.22667 -34.11923)
anmn_nrs_bgc_plankton_biomass_data.fid--65a59387_1714ce25319_-695,Port Hacking,11/11/2009 9:45,NRSPHB,NRSPHB20091110,NRSPHB20091110_ZOOBIOWC,2009-11-10T22:45:00Z,-34.1192,151.2267,37.9977,POINT (151.22667 -34.11923)
anmn_nrs_bgc_plankton_biomass_data.fid--65a59387_1714ce25319_-694,Port Hacking,7/12/2009 9:14,NRSPHB,NRSPHB20091206,NRSPHB20091206_ZOOBIOWC,2009-12-06T22:14:00Z,-34.1192,151.2267,65.5598,POINT (151.22667 -34.11923)
anmn_nrs_bgc_plankton_biomass_data.fid--65a59387_1714ce25319_-693,Port Hacking,20/01/2010 9:20,NRSPHB,NRSPHB20100119,NRSPHB20100119_ZOOBIOWC,2010-01-19T22:20:00Z,-34.1192,151.2267,63.7881,POINT (151.22667 -34.11923)
anmn_nrs_bgc_plankton_biomass_data.fid--65a59387_1714ce25319_-692,Port Hacking,19/02/2010 9:05,NRSPHB,NRSPHB20100218,NRSPHB20100218_ZOOBIOWC,2010-02-18T22:05:00Z,-34.1192,151.2267,26.5118,POINT (151.22667 -34.11923)
anmn_nrs_bgc_plankton_biomass_data.fid--65a59387_1714ce25319_-691,Port Hacking,17/03/2010 9:05,NRSPHB,NRSPHB20100316,NRSPHB20100316_ZOOBIOWC,2010-03-16T22:05:00Z,-34.1192,151.2267,30.8897,POINT (151.22667 -34.11923)
anmn_nrs_bgc_plankton_biomass_data.fid--65a59387_1714ce25319_-690,Port Hacking,14/04/2010 9:18,NRSPHB,NRSPHB20100413,NRSPHB20100413_ZOOBIOWC,2010-04-13T23:18:00Z,-34.1192,151.2267,51.4322,POINT (151.22667 -34.11923)
anmn_nrs_bgc_plankton_biomass_data.fid--65a59387_1714ce25319_-68f,Port Hacking,11/05/2010 9:13,NRSPHB,NRSPHB20100510,NRSPHB20100510_ZOOBIOWC,2010-05-10T23:13:00Z,-34.1192,151.2267,17.7806,POINT (151.22667 -34.11923)
anmn_nrs_bgc_plankton_biomass_data.fid--65a59387_1714ce25319_-68e,Port Hacking,9/06/2010 10:53,NRSPHB,NRSPHB20100609,NRSPHB20100609_ZOOBIOWC,2010-06-09T00:53:00Z,-34.1192,151.2267,9.8203,POINT (151.22667 -34.11923)
anmn_nrs_bgc_plankton_biomass_data.fid--65a59387_1714ce25319_-68d,Port Hacking,2/07/2010 11:35,NRSPHB,NRSPHB20100702,NRSPHB20100702_ZOOBIOWC,2010-07-02T01:35:00Z,-34.1192,151.2267,56.2274,POINT (151.22667 -34.11923)
anmn_nrs_bgc_plankton_biomass_data.fid--65a59387_1714ce25319_-68c,Port Hacking,18/08/2010 9:30,NRSPHB,NRSPHB20100817,NRSPHB20100817_ZOOBIOWC,2010-08-17T23:30:00Z,-34.1192,151.2267,66.4368,POINT (151.22667 -34.11923)
anmn_nrs_bgc_plankton_biomass_data.fid--65a59387_1714ce25319_-68b,Port Hacking,9/09/2010 9:30,NRSPHB,NRSPHB20100908,NRSPHB20100908_ZOOBIOWC,2010-09-08T23:30:00Z,-34.1192,151.2267,67.3492,POINT (151.22667 -34.11923)
anmn_nrs_bgc_plankton_biomass_data.fid--65a59387_1714ce25319_-68a,Port Hacking,11/11/2010 9:10,NRSPHB,NRSPHB20101110,NRSPHB20101110_ZOOBIOWC,2010-11-10T22:10:00Z,-34.1192,151.2267,10.418,POINT (151.22667 -34.11923)
anmn_nrs_bgc_plankton_biomass_data.fid--65a59387_1714ce25319_-689,Port Hacking,14/12/2010 9:30,NRSPHB,NRSPHB20101213,NRSPHB20101213_ZOOBIOWC,2010-12-13T22:30:00Z,-34.1192,151.2267,23.3008,POINT (151.22667 -34.11923)
anmn_nrs_bgc_plankton_biomass_data.fid--65a59387_1714ce25319_-688,Port Hacking,4/02/2011 9:58,NRSPHB,NRSPHB20110203,NRSPHB20110203_ZOOBIOWC,2011-02-03T22:58:00Z,-34.1192,151.2267,10.6443,POINT (151.22667 -34.11923)
anmn_nrs_bgc_plankton_biomass_data.fid--65a59387_1714ce25319_-687,Port Hacking,1/03/2011 9:30,NRSPHB,NRSPHB20110228,NRSPHB20110228_ZOOBIOWC,2011-02-28T22:30:00Z,-34.1192,151.2267,1.3509,POINT (151.22667 -34.11923)
anmn_nrs_bgc_plankton_biomass_data.fid--65a59387_1714ce25319_-686,Port Hacking,30/03/2011 9:33,NRSPHB,NRSPHB20110329,NRSPHB20110329_ZOOBIOWC,2011-03-29T22:33:00Z,-34.1192,151.2267,3.4196,POINT (151.22667 -34.11923)
anmn_nrs_bgc_plankton_biomass_data.fid--65a59387_1714ce25319_-685,Port Hacking,21/04/2011 9:36,NRSPHB,NRSPHB20110420,NRSPHB20110420_ZOOBIOWC,2011-04-20T23:36:00Z,-34.1192,151.2267,0.6082,POINT (151.22667 -34.11923)
anmn_nrs_bgc_plankton_biomass_data.fid--65a59387_1714ce25319_-684,Port Hacking,18/05/2011 9:25,NRSPHB,NRSPHB20110517,NRSPHB20110517_ZOOBIOWC,2011-05-17T23:25:00Z,-34.1192,151.2267,0.1945,POINT (151.22667 -34.11923)
anmn_nrs_bgc_plankton_biomass_data.fid--65a59387_1714ce25319_-683,Port Hacking,20/06/2011 9:34,NRSPHB,NRSPHB20110619,NRSPHB20110619_ZOOBIOWC,2011-06-19T23:34:00Z,-34.1192,151.2267,1.3509,POINT (151.22667 -34.11923)
anmn_nrs_bgc_plankton_biomass_data.fid--65a59387_1714ce25319_-682,Port Hacking,18/07/2011 9:38,NRSPHB,NRSPHB20110717,NRSPHB20110717_ZOOBIOWC,2011-07-17T23:38:00Z,-34.1192,151.2267,0.4137,POINT (151.22667 -34.11923)
anmn_nrs_bgc_plankton_biomass_data.fid--65a59387_1714ce25319_-681,Port Hacking,29/08/2011 10:03,NRSPHB,NRSPHB20110829,NRSPHB20110829_ZOOBIOWC,2011-08-29T00:03:00Z,-34.1192,151.2267,3.5681,POINT (151.22667 -34.11923)
anmn_nrs_bgc_plankton_biomass_data.fid--65a59387_1714ce25319_-680,Port Hacking,15/09/2011 9:43,NRSPHB,NRSPHB20110914,NRSPHB20110914_ZOOBIOWC,2011-09-14T23:43:00Z,-34.1192,151.2267,1.457,POINT (151.22667 -34.11923)
anmn_nrs_bgc_plankton_biomass_data.fid--65a59387_1714ce25319_-67f,Port Hacking,19/10/2011 9:31,NRSPHB,NRSPHB20111018,NRSPHB20111018_ZOOBIOWC,2011-10-18T22:31:00Z,-34.1192,151.2267,8.3068,POINT (151.22667 -34.11923)
anmn_nrs_bgc_plankton_biomass_data.fid--65a59387_1714ce25319_-67e,Port Hacking,18/11/2011 9:36,NRSPHB,NRSPHB20111117,NRSPHB20111117_ZOOBIOWC,2011-11-17T22:36:00Z,-34.1192,151.2267,4.8589,POINT (151.22667 -34.11923)
anmn_nrs_bgc_plankton_biomass_data.fid--65a59387_1714ce25319_-67d,Port Hacking,7/12/2011 9:30,NRSPHB,NRSPHB20111206,NRSPHB20111206_ZOOBIOWC,2011-12-06T22:30:00Z,-34.1192,151.2267,32.3703,POINT (151.22667 -34.11923)
anmn_nrs_bgc_plankton_biomass_data.fid--65a59387_1714ce25319_-67c,Port Hacking,13/02/2012 10:00,NRSPHB,NRSPHB20120212,NRSPHB20120212_ZOOBIOWC,2012-02-12T23:00:00Z,-34.1192,151.2267,12.5645,POINT (151.22667 -34.11923)
anmn_nrs_bgc_plankton_biomass_data.fid--65a59387_1714ce25319_-67b,Port Hacking,12/03/2012 9:00,NRSPHB,NRSPHB20120311,NRSPHB20120311_ZOOBIOWC,2012-03-11T22:00:00Z,-34.1192,151.2267,4.4416,POINT (151.22667 -34.11923)
anmn_nrs_bgc_plankton_biomass_data.fid--65a59387_1714ce25319_-67a,Port Hacking,18/05/2012 9:33,NRSPHB,NRSPHB20120517,NRSPHB20120517_ZOOBIOWC,2012-05-17T23:33:00Z,-34.1192,151.2267,5.6581,POINT (151.22667 -34.11923)
anmn_nrs_bgc_plankton_biomass_data.fid--65a59387_1714ce25319_-679,Port Hacking,28/06/2012 10:00,NRSPHB,NRSPHB20120628,NRSPHB20120628_ZOOBIOWC,2012-06-28T00:00:00Z,-34.1192,151.2267,3.8899,POINT (151.22667 -34.11923)
anmn_nrs_bgc_plankton_biomass_data.fid--65a59387_1714ce25319_-678,Port Hacking,17/07/2012 10:00,NRSPHB,NRSPHB20120717,NRSPHB20120717_ZOOBIOWC,2012-07-17T00:00:00Z,-34.1192,151.2267,4.2436,POINT (151.22667 -34.11923)
anmn_nrs_bgc_plankton_biomass_data.fid--65a59387_1714ce25319_-677,Port Hacking,22/08/2012 9:19,NRSPHB,NRSPHB20120821,NRSPHB20120821_ZOOBIOWC,2012-08-21T23:19:00Z,-34.1192,151.2267,14.0887,POINT (151.22667 -34.11923)
anmn_nrs_bgc_plankton_biomass_data.fid--65a59387_1714ce25319_-676,Port Hacking,18/09/2012 9:38,NRSPHB,NRSPHB20120917,NRSPHB20120917_ZOOBIOWC,2012-09-17T23:38:00Z,-34.1192,151.2267,54.3178,POINT (151.22667 -34.11923)
anmn_nrs_bgc_plankton_biomass_data.fid--65a59387_1714ce25319_-675,Port Hacking,10/10/2012 9:44,NRSPHB,NRSPHB20121009,NRSPHB20121009_ZOOBIOWC,2012-10-09T22:44:00Z,-34.1192,151.2267,9.8769,POINT (151.22667 -34.11923)
anmn_nrs_bgc_plankton_biomass_data.fid--65a59387_1714ce25319_-674,Port Hacking,21/11/2012 9:30,NRSPHB,NRSPHB20121120,NRSPHB20121120_ZOOBIOWC,2012-11-20T22:30:00Z,-34.1192,151.2267,31.1762,POINT (151.22667 -34.11923)
anmn_nrs_bgc_plankton_biomass_data.fid--65a59387_1714ce25319_-673,Port Hacking,19/12/2012 9:31,NRSPHB,NRSPHB20121218,NRSPHB20121218_ZOOBIOWC,2012-12-18T22:31:00Z,-34.1192,151.2267,2.4825,POINT (151.22667 -34.11923)
anmn_nrs_bgc_plankton_biomass_data.fid--65a59387_1714ce25319_-672,Port Hacking,25/01/2013 10:54,NRSPHB,NRSPHB20130125,NRSPHB20130125_ZOOBIOWC,2013-01-24T23:54:00Z,-34.1192,151.2267,13.6042,POINT (151.22667 -34.11923)
anmn_nrs_bgc_plankton_biomass_data.fid--65a59387_1714ce25319_-671,Port Hacking,28/02/2013 8:03,NRSPHB,NRSPHB20130227,NRSPHB20130227_ZOOBIOWC,2013-02-27T21:03:00Z,-34.1192,151.2267,1.8,POINT (151.22667 -34.11923)
anmn_nrs_bgc_plankton_biomass_data.fid--65a59387_1714ce25319_-670,Port Hacking,20/03/2013 9:27,NRSPHB,NRSPHB20130319,NRSPHB20130319_ZOOBIOWC,2013-03-19T22:27:00Z,-34.1192,151.2267,2.0404,POINT (151.22667 -34.11923)
anmn_nrs_bgc_plankton_biomass_data.fid--65a59387_1714ce25319_-66f,Port Hacking,23/04/2013 9:32,NRSPHB,NRSPHB20130422,NRSPHB20130422_ZOOBIOWC,2013-04-22T23:32:00Z,-34.1192,151.2267,1.2625,POINT (151.22667 -34.11923)
anmn_nrs_bgc_plankton_biomass_data.fid--65a59387_1714ce25319_-66e,Port Hacking,15/05/2013 9:40,NRSPHB,NRSPHB20130514,NRSPHB20130514_ZOOBIOWC,2013-05-14T23:40:00Z,-34.1192,151.2267,0.7323,POINT (151.22667 -34.11923)
anmn_nrs_bgc_plankton_biomass_data.fid--65a59387_1714ce25319_-66d,Port Hacking,12/06/2013 9:55,NRSPHB,NRSPHB20130611,NRSPHB20130611_ZOOBIOWC,2013-06-11T23:55:00Z,-34.1192,151.2267,,POINT (151.22667 -34.11923)
anmn_nrs_bgc_plankton_biomass_data.fid--65a59387_1714ce25319_-66c,Port Hacking,26/07/2013 9:24,NRSPHB,NRSPHB20130725,NRSPHB20130725_ZOOBIOWC,2013-07-25T23:24:00Z,-34.1192,151.2267,3.9005,POINT (151.22667 -34.11923)
anmn_nrs_bgc_plankton_biomass_data.fid--65a59387_1714ce25319_-66b,Port Hacking,27/08/2013 9:30,NRSPHB,NRSPHB20130826,NRSPHB20130826_ZOOBIOWC,2013-08-26T23:30:00Z,-34.1192,151.2267,14.9911,POINT (151.22667 -34.11923)
anmn_nrs_bgc_plankton_biomass_data.fid--65a59387_1714ce25319_-66a,Port Hacking,16/09/2013 8:15,NRSPHB,NRSPHB20130915,NRSPHB20130915_ZOOBIOWC,2013-09-15T22:15:00Z,-34.1192,151.2267,4.3654,POINT (151.22667 -34.11923)
anmn_nrs_bgc_plankton_biomass_data.fid--65a59387_1714ce25319_-669,Port Hacking,21/10/2013 9:36,NRSPHB,NRSPHB20131020,NRSPHB20131020_ZOOBIOWC,2013-10-20T22:36:00Z,-34.1192,151.2267,4.6078,POINT (151.22667 -34.11923)
anmn_nrs_bgc_plankton_biomass_data.fid--65a59387_1714ce25319_-668,Port Hacking,28/10/2013 10:17,NRSPHB,NRSPHB20131027,NRSPHB20131027_ZOOBIOWC,2013-10-27T23:17:00Z,-34.1192,151.2267,8.9398,POINT (151.22667 -34.11923)
anmn_nrs_bgc_plankton_biomass_data.fid--65a59387_1714ce25319_-667,Port Hacking,3/12/2013 9:30,NRSPHB,NRSPHB20131202,NRSPHB20131202_ZOOBIOWC,2013-12-02T22:30:00Z,-34.1192,151.2267,3.1296,POINT (151.22667 -34.11923)
anmn_nrs_bgc_plankton_biomass_data.fid--65a59387_1714ce25319_-666,Port Hacking,21/01/2014 9:43,NRSPHB,NRSPHB20140120,NRSPHB20140120_ZOOBIOWC,2014-01-20T22:43:00Z,-34.1192,151.2267,4.4003,POINT (151.22667 -34.11923)
anmn_nrs_bgc_plankton_biomass_data.fid--65a59387_1714ce25319_-665,Port Hacking,12/02/2014 9:57,NRSPHB,NRSPHB20140211,NRSPHB20140211_ZOOBIOWC,2014-02-11T22:57:00Z,-34.1192,151.2267,4.5406,POINT (151.22667 -34.11923)
anmn_nrs_bgc_plankton_biomass_data.fid--65a59387_1714ce25319_-664,Port Hacking,18/03/2014 9:48,NRSPHB,NRSPHB20140317,NRSPHB20140317_ZOOBIOWC,2014-03-17T22:48:00Z,-34.1192,151.2267,4.6651,POINT (151.22667 -34.11923)
anmn_nrs_bgc_plankton_biomass_data.fid--65a59387_1714ce25319_-663,Port Hacking,28/04/2014 9:38,NRSPHB,NRSPHB20140427,NRSPHB20140427_ZOOBIOWC,2014-04-27T23:38:00Z,-34.1192,151.2267,5.8667,POINT (151.22667 -34.11923)
anmn_nrs_bgc_plankton_biomass_data.fid--65a59387_1714ce25319_-662,Port Hacking,16/05/2014 9:35,NRSPHB,NRSPHB20140515,NRSPHB20140515_ZOOBIOWC,2014-05-15T23:35:00Z,-34.1192,151.2267,4.4451,POINT (151.22667 -34.11923)
anmn_nrs_bgc_plankton_biomass_data.fid--65a59387_1714ce25319_-661,Port Hacking,13/06/2014 9:20,NRSPHB,NRSPHB20140612,NRSPHB20140612_ZOOBIOWC,2014-06-12T23:20:00Z,-34.1192,151.2267,11.3233,POINT (151.22667 -34.11923)
anmn_nrs_bgc_plankton_biomass_data.fid--65a59387_1714ce25319_-660,Port Hacking,16/07/2014 10:00,NRSPHB,NRSPHB20140716,NRSPHB20140716_ZOOBIOWC,2014-07-16T00:00:00Z,-34.1192,151.2267,5.1559,POINT (151.22667 -34.11923)
anmn_nrs_bgc_plankton_biomass_data.fid--65a59387_1714ce25319_-65f,Port Hacking,25/08/2014 9:57,NRSPHB,NRSPHB20140824,NRSPHB20140824_ZOOBIOWC,2014-08-24T23:57:00Z,-34.1192,151.2267,5.11,POINT (151.22667 -34.11923)
anmn_nrs_bgc_plankton_biomass_data.fid--65a59387_1714ce25319_-65e,Port Hacking,11/09/2014 10:13,NRSPHB,NRSPHB20140911,NRSPHB20140911_ZOOBIOWC,2014-09-11T00:13:00Z,-34.1192,151.2267,28.6689,POINT (151.22667 -34.11923)
anmn_nrs_bgc_plankton_biomass_data.fid--65a59387_1714ce25319_-65d,Port Hacking,22/10/2014 9:30,NRSPHB,NRSPHB20141021,NRSPHB20141021_ZOOBIOWC,2014-10-21T22:30:00Z,-34.1192,151.2267,8.0239,POINT (151.22667 -34.11923)
anmn_nrs_bgc_plankton_biomass_data.fid--65a59387_1714ce25319_-65c,Port Hacking,13/11/2014 9:36,NRSPHB,NRSPHB20141112,NRSPHB20141112_ZOOBIOWC,2014-11-12T22:36:00Z,-34.1192,151.2267,5.6725,POINT (151.22667 -34.11923)
anmn_nrs_bgc_plankton_biomass_data.fid--65a59387_1714ce25319_-65b,Port Hacking,9/12/2014 9:51,NRSPHB,NRSPHB20141208,NRSPHB20141208_ZOOBIOWC,2014-12-08T22:51:00Z,-34.1192,151.2267,2.956,POINT (151.22667 -34.11923)
anmn_nrs_bgc_plankton_biomass_data.fid--65a59387_1714ce25319_-65a,Port Hacking,22/01/2015 9:48,NRSPHB,NRSPHB20150121,NRSPHB20150121_ZOOBIOWC,2015-01-21T22:48:00Z,-34.1192,151.2267,4.5972,POINT (151.22667 -34.11923)
anmn_nrs_bgc_plankton_biomass_data.fid--65a59387_1714ce25319_-659,Port Hacking,26/02/2015 9:37,NRSPHB,NRSPHB20150225,NRSPHB20150225_ZOOBIOWC,2015-02-25T22:37:00Z,-34.1192,151.2267,7.2671,POINT (151.22667 -34.11923)
anmn_nrs_bgc_plankton_biomass_data.fid--65a59387_1714ce25319_-658,Port Hacking,31/03/2015 9:32,NRSPHB,NRSPHB20150330,NRSPHB20150330_ZOOBIOWC,2015-03-30T22:32:00Z,-34.1192,151.2267,4.8534,POINT (151.22667 -34.11923)
anmn_nrs_bgc_plankton_biomass_data.fid--65a59387_1714ce25319_-657,Port Hacking,19/05/2015 9:43,NRSPHB,NRSPHB20150518,NRSPHB20150518_ZOOBIOWC,2015-05-18T23:43:00Z,-34.1192,151.2267,4.8094,POINT (151.22667 -34.11923)
anmn_nrs_bgc_plankton_biomass_data.fid--65a59387_1714ce25319_-656,Port Hacking,30/06/2015 11:11,NRSPHB,NRSPHB20150630,NRSPHB20150630_ZOOBIOWC,2015-06-30T01:11:00Z,-34.1192,151.2267,2.9564,POINT (151.22667 -34.11923)
anmn_nrs_bgc_plankton_biomass_data.fid--65a59387_1714ce25319_-655,Port Hacking,23/07/2015 10:07,NRSPHB,NRSPHB20150723,NRSPHB20150723_ZOOBIOWC,2015-07-23T00:07:00Z,-34.1192,151.2267,3.641,POINT (151.22667 -34.11923)
anmn_nrs_bgc_plankton_biomass_data.fid--65a59387_1714ce25319_-654,Port Hacking,19/08/2015 10:03,NRSPHB,NRSPHB20150819,NRSPHB20150819_ZOOBIOWC,2015-08-19T00:03:00Z,-34.1192,151.2267,4.9119,POINT (151.22667 -34.11923)
anmn_nrs_bgc_plankton_biomass_data.fid--65a59387_1714ce25319_-653,Port Hacking,14/10/2015 9:42,NRSPHB,NRSPHB20151013,NRSPHB20151013_ZOOBIOWC,2015-10-13T22:42:00Z,-34.1192,151.2267,3.8546,POINT (151.22667 -34.11923)
anmn_nrs_bgc_plankton_biomass_data.fid--65a59387_1714ce25319_-652,Port Hacking,16/11/2015 9:33,NRSPHB,NRSPHB20151115,NRSPHB20151115_ZOOBIOWC,2015-11-15T22:33:00Z,-34.1192,151.2267,8.1441,POINT (151.22667 -34.11923)
anmn_nrs_bgc_plankton_biomass_data.fid--65a59387_1714ce25319_-651,Port Hacking,2/02/2016 10:52,NRSPHB,NRSPHB20160201,NRSPHB20160201_ZOOBIOWC,2016-02-01T23:52:00Z,-34.1192,151.2267,7.6208,POINT (151.22667 -34.11923)
anmn_nrs_bgc_plankton_biomass_data.fid--65a59387_1714ce25319_-650,Port Hacking,1/03/2016 9:00,NRSPHB,NRSPHB20160229,NRSPHB20160229_ZOOBIOWC,2016-02-29T22:00:00Z,-34.1192,151.2267,11.2243,POINT (151.22667 -34.11923)
anmn_nrs_bgc_plankton_biomass_data.fid--65a59387_1714ce25319_-64f,Port Hacking,8/04/2016 9:13,NRSPHB,NRSPHB20160407,NRSPHB20160407_ZOOBIOWC,2016-04-07T23:13:00Z,-34.1192,151.2267,6.2345,POINT (151.22667 -34.11923)
anmn_nrs_bgc_plankton_biomass_data.fid--65a59387_1714ce25319_-64e,Port Hacking,3/05/2016 9:14,NRSPHB,NRSPHB20160502,NRSPHB20160502_ZOOBIOWC,2016-05-02T23:14:00Z,-34.1192,151.2267,3.8899,POINT (151.22667 -34.11923)
anmn_nrs_bgc_plankton_biomass_data.fid--65a59387_1714ce25319_-64d,Port Hacking,15/06/2016 11:06,NRSPHB,NRSPHB20160615,NRSPHB20160615_ZOOBIOWC,2016-06-15T01:06:00Z,-34.1192,151.2267,3.7591,POINT (151.22667 -34.11923)
anmn_nrs_bgc_plankton_biomass_data.fid--65a59387_1714ce25319_-64c,Port Hacking,19/07/2016 10:19,NRSPHB,NRSPHB20160719,NRSPHB20160719_ZOOBIOWC,2016-07-19T00:19:00Z,-34.1192,151.2267,6.1709,POINT (151.22667 -34.11923)
anmn_nrs_bgc_plankton_biomass_data.fid--65a59387_1714ce25319_-64b,Port Hacking,30/08/2016 9:20,NRSPHB,NRSPHB20160829,NRSPHB20160829_ZOOBIOWC,2016-08-29T23:20:00Z,-34.1192,151.2267,9.3995,POINT (151.22667 -34.11923)
anmn_nrs_bgc_plankton_biomass_data.fid--65a59387_1714ce25319_-64a,Port Hacking,27/09/2016 9:54,NRSPHB,NRSPHB20160926,NRSPHB20160926_ZOOBIOWC,2016-09-26T23:54:00Z,-34.1192,151.2267,10.6867,POINT (151.22667 -34.11923)
anmn_nrs_bgc_plankton_biomass_data.fid--65a59387_1714ce25319_-649,Port Hacking,31/10/2016 9:35,NRSPHB,NRSPHB20161030,NRSPHB20161030_ZOOBIOWC,2016-10-30T22:35:00Z,-34.1192,151.2267,8.9115,POINT (151.22667 -34.11923)
anmn_nrs_bgc_plankton_biomass_data.fid--65a59387_1714ce25319_-648,Port Hacking,5/12/2016 9:45,NRSPHB,NRSPHB20161204,NRSPHB20161204_ZOOBIOWC,2016-12-04T22:45:00Z,-34.1192,151.2267,16.9213,POINT (151.22667 -34.11923)
anmn_nrs_bgc_plankton_biomass_data.fid--65a59387_1714ce25319_-647,Port Hacking,6/02/2017 10:49,NRSPHB,NRSPHB20170205,NRSPHB20170205_ZOOBIOWC,2017-02-05T23:49:00Z,-34.1192,151.2267,8.8691,POINT (151.22667 -34.11923)
anmn_nrs_bgc_plankton_biomass_data.fid--65a59387_1714ce25319_-646,Port Hacking,22/03/2017 9:21,NRSPHB,NRSPHB20170321,NRSPHB20170321_ZOOBIOWC,2017-03-21T22:21:00Z,-34.1192,151.2267,6.4043,POINT (151.22667 -34.11923)
anmn_nrs_bgc_plankton_biomass_data.fid--65a59387_1714ce25319_-645,Port Hacking,19/04/2017 10:00,NRSPHB,NRSPHB20170419,NRSPHB20170419_ZOOBIOWC,2017-04-19T00:00:00Z,-34.1192,151.2267,9.1272,POINT (151.22667 -34.11923)
anmn_nrs_bgc_plankton_biomass_data.fid--65a59387_1714ce25319_-644,Port Hacking,18/05/2017 9:45,NRSPHB,NRSPHB20170517,NRSPHB20170517_ZOOBIOWC,2017-05-17T23:45:00Z,-34.1192,151.2267,5.2726,POINT (151.22667 -34.11923)
anmn_nrs_bgc_plankton_biomass_data.fid--65a59387_1714ce25319_-643,Port Hacking,15/06/2017 8:52,NRSPHB,NRSPHB20170614,NRSPHB20170614_ZOOBIOWC,2017-06-14T22:52:00Z,-34.1192,151.2267,6.0931,POINT (151.22667 -34.11923)
anmn_nrs_bgc_plankton_biomass_data.fid--65a59387_1714ce25319_-642,Port Hacking,17/07/2017 9:42,NRSPHB,NRSPHB20170716,NRSPHB20170716_ZOOBIOWC,2017-07-16T23:42:00Z,-34.1192,151.2267,5.8066,POINT (151.22667 -34.11923)
anmn_nrs_bgc_plankton_biomass_data.fid--65a59387_1714ce25319_-641,Port Hacking,22/08/2017 9:50,NRSPHB,NRSPHB20170821,NRSPHB20170821_ZOOBIOWC,2017-08-21T23:50:00Z,-34.1192,151.2267,13.636,POINT (151.22667 -34.11923)
anmn_nrs_bgc_plankton_biomass_data.fid--65a59387_1714ce25319_-640,Port Hacking,22/09/2017 8:48,NRSPHB,NRSPHB20170921,NRSPHB20170921_ZOOBIOWC,2017-09-21T22:48:00Z,-34.1192,151.2267,16.7975,POINT (151.22667 -34.11923)
anmn_nrs_bgc_plankton_biomass_data.fid--65a59387_1714ce25319_-63f,Port Hacking,25/10/2017 9:01,NRSPHB,NRSPHB20171024,NRSPHB20171024_ZOOBIOWC,2017-10-24T22:01:00Z,-34.1192,151.2267,8.1972,POINT (151.22667 -34.11923)
anmn_nrs_bgc_plankton_biomass_data.fid--65a59387_1714ce25319_-63e,Port Hacking,12/12/2017 8:54,NRSPHB,NRSPHB20171211,NRSPHB20171211_ZOOBIOWC,2017-12-11T21:54:00Z,-34.1192,151.2267,23.9692,POINT (151.22667 -34.11923)
anmn_nrs_bgc_plankton_biomass_data.fid--65a59387_1714ce25319_-63d,Port Hacking,24/01/2018 9:41,NRSPHB,NRSPHB20180123,NRSPHB20180123_ZOOBIOWC,2018-01-23T22:41:00Z,-34.1192,151.2267,16.6631,POINT (151.22667 -34.11923)
anmn_nrs_bgc_plankton_biomass_data.fid--65a59387_1714ce25319_-63c,Port Hacking,22/02/2018 9:18,NRSPHB,NRSPHB20180221,NRSPHB20180221_ZOOBIOWC,2018-02-21T22:18:00Z,-34.1192,151.2267,17.3598,POINT (151.22667 -34.11923)
anmn_nrs_bgc_plankton_biomass_data.fid--65a59387_1714ce25319_-63b,Port Hacking,27/03/2018 9:40,NRSPHB,NRSPHB20180326,NRSPHB20180326_ZOOBIOWC,2018-03-26T22:40:00Z,-34.1192,151.2267,9.3217,POINT (151.22667 -34.11923)
anmn_nrs_bgc_plankton_biomass_data.fid--65a59387_1714ce25319_-63a,Port Hacking,29/05/2018 9:50,NRSPHB,NRSPHB20180528,NRSPHB20180528_ZOOBIOWC,2018-05-28T23:50:00Z,-34.1192,151.2267,17.2219,POINT (151.22667 -34.11923)
anmn_nrs_bgc_plankton_biomass_data.fid--65a59387_1714ce25319_-639,Port Hacking,25/07/2018 9:33,NRSPHB,NRSPHB20180724,NRSPHB20180724_ZOOBIOWC,2018-07-24T23:33:00Z,-34.1192,151.2267,6.0542,POINT (151.22667 -34.11923)
anmn_nrs_bgc_plankton_biomass_data.fid--65a59387_1714ce25319_-638,Port Hacking,5/09/2018 10:50,NRSPHB,NRSPHB20180905,NRSPHB20180905_ZOOBIOWC,2018-09-05T00:50:00Z,-34.1192,151.2267,50.6825,POINT (151.22667 -34.11923)
anmn_nrs_bgc_plankton_biomass_data.fid--65a59387_1714ce25319_-637,Port Hacking,27/09/2018 10:43,NRSPHB,NRSPHB20180927,NRSPHB20180927_ZOOBIOWC,2018-09-27T00:43:00Z,-34.1192,151.2267,12.416,POINT (151.22667 -34.11923)
anmn_nrs_bgc_plankton_biomass_data.fid--65a59387_1714ce25319_-636,Port Hacking,21/11/2018 9:24,NRSPHB,NRSPHB20181120,NRSPHB20181120_ZOOBIOWC,2018-11-20T22:24:00Z,-34.1192,151.2267,4.8129,POINT (151.22667 -34.11923)
anmn_nrs_bgc_plankton_biomass_data.fid--65a59387_1714ce25319_-635,Port Hacking,19/12/2018 9:40,NRSPHB,NRSPHB20181218,NRSPHB20181218_ZOOBIOWC,2018-12-18T22:40:00Z,-34.1192,151.2267,9.8875,POINT (151.22667 -34.11923)
anmn_nrs_bgc_plankton_biomass_data.fid--65a59387_1714ce25319_-634,Port Hacking,22/01/2019 9:43,NRSPHB,NRSPHB20190121,NRSPHB20190121_ZOOBIOWC,2019-01-21T22:43:00Z,-34.1192,151.2267,9.9441,POINT (151.22667 -34.11923)
anmn_nrs_bgc_plankton_biomass_data.fid--65a59387_1714ce25319_-633,Port Hacking,28/02/2019 10:35,NRSPHB,NRSPHB20190227,NRSPHB20190227_ZOOBIOWC,2019-02-27T23:35:00Z,-34.1192,151.2267,5.6658,POINT (151.22667 -34.11923)
anmn_nrs_bgc_plankton_biomass_data.fid--65a59387_1714ce25319_-632,Port Hacking,9/04/2019 8:50,NRSPHB,NRSPHB20190408,NRSPHB20190408_ZOOBIOWC,2019-04-08T22:50:00Z,-34.1192,151.2267,11.1005,POINT (151.22667 -34.11923)
anmn_nrs_bgc_plankton_biomass_data.fid--65a59387_1714ce25319_-631,Port Hacking,23/05/2019 8:50,NRSPHB,NRSPHB20190522,NRSPHB20190522_ZOOBIOWC,2019-05-22T22:50:00Z,-34.1192,151.2267,8.255,POINT (151.22667 -34.11923)
anmn_nrs_bgc_plankton_biomass_data.fid--65a59387_1714ce25319_-630,Port Hacking,27/06/2019 9:38,NRSPHB,NRSPHB20190626,NRSPHB20190626_ZOOBIOWC,2019-06-26T23:38:00Z,-34.1192,151.2267,1.5737,POINT (151.22667 -34.11923)
anmn_nrs_bgc_plankton_biomass_data.fid--65a59387_1714ce25319_-62f,Port Hacking,29/07/2019 10:03,NRSPHB,NRSPHB20190729,NRSPHB20190729_ZOOBIOWC,2019-07-29T00:03:00Z,-34.1192,151.2267,16.905,POINT (151.22667 -34.11923)
anmn_nrs_bgc_plankton_biomass_data.fid--65a59387_1714ce25319_-62e,Port Hacking,28/08/2019 9:59,NRSPHB,NRSPHB20190827,NRSPHB20190827_ZOOBIOWC,2019-08-27T23:59:00Z,-34.1192,151.2267,16.6171,POINT (151.22667 -34.11923)
anmn_nrs_bgc_plankton_biomass_data.fid--65a59387_1714ce25319_-62d,Port Hacking,24/09/2019 9:36,NRSPHB,NRSPHB20190923,NRSPHB20190923_ZOOBIOWC,2019-09-23T23:36:00Z,-34.1192,151.2267,15.6447,POINT (151.22667 -34.11923)
